"name","rating","boards","pairings","scores","team","wins","losses","spread","wp","rank","board1","board2","board3","board4","board5","board6","board7","board8","board9","board10","board11","board12","board13","board14","board15","board16","board17","board18","board19","board20","pairing1","pairing2","pairing3","pairing4","pairing5","pairing6","pairing7","pairing8","pairing9","pairing10","pairing11","pairing12","pairing13","pairing14","pairing15","pairing16","pairing17","pairing18","pairing19","pairing20","score1","score2","score3","score4","score5","score6","score7","score8","score9","score10","score11","score12","score13","score14","score15","score16","score17","score18","score19","score20"
"Abbasi, Abdullah","1186","8 14 22 31 31 35 13 36 39 39 37 27 22 22 37 27 33 33 39 39","32 25 21 97 64 68 53 79 0 77 30 108 73 26 19 60 54 88 29 63","487 404 374 431 521 381 352 378 75 513 438 515 371 398 452 304 411 404 386 449","PAK","8","12","151","16","84","8","14","22","31","31","35","13","36","39","39","37","27","22","22","37","27","33","33","39","39","32","25","21","97","64","68","53","79","0","77","30","108","73","26","19","60","54","88","29","63","487","404","374","431","521","381","352","378","75","513","438","515","371","398","452","304","411","404","386","449"
"Adamson, Tim","2006","17 16 6 25 27 18 32 21 28 29 35 34 40 35 31 31 26 24 35 29","11 91 4 24 28 63 35 18 55 102 77 84 34 48 6 61 38 58 74 59","505 343 451 467 435 553 371 399 397 347 415 330 512 462 501 379 391 445 306 361","USA","9","11","-218","18","69","17","16","6","25","27","18","32","21","28","29","35","34","40","35","31","31","26","24","35","29","11","91","4","24","28","63","35","18","55","102","77","84","34","48","6","61","38","58","74","59","505","343","451","467","435","553","371","399","397","347","415","330","512","462","501","379","391","445","306","361"
"Aka, Toke","1747","45 24 34 27 12 12 15 25 7 8 12 6 31 26 26 26 48 48 34 32","30 69 34 17 62 4 76 21 5 8 56 90 87 109 61 57 44 41 37 54","356 492 433 371 377 508 404 448 319 442 306 272 352 353 366 388 439 581 422 385","NGA","9","11","-319","18","74","45","24","34","27","12","12","15","25","7","8","12","6","31","26","26","26","48","48","34","32","30","69","34","17","62","4","76","21","5","8","56","90","87","109","61","57","44","41","37","54","356","492","433","371","377","508","404","448","319","442","306","272","352","353","366","388","439","581","422","385"
"Akonor, Michael","1837","42 46 6 17 17 12 12 24 17 19 19 19 1 2 5 7 9 9 11 15","86 92 2 25 68 3 11 48 98 9 61 27 103 62 12 81 21 28 84 13","508 542 338 477 399 474 393 390 443 534 507 553 379 400 370 454 373 390 761 414","GHA","11","9","1035","22","31","42","46","6","17","17","12","12","24","17","19","19","19","1","2","5","7","9","9","11","15","86","92","2","25","68","3","11","48","98","9","61","27","103","62","12","81","21","28","84","13","508","542","338","477","399","474","393","390","443","534","507","553","379","400","370","454","373","390","761","414"
"Allan, Paul","2115","7 3 2 5 5 5 5 5 7 7 7 7 20 20 9 18 19 20 28 22","39 54 48 26 10 15 80 37 3 52 40 20 46 60 101 18 78 107 59 53","592 450 503 353 374 428 469 480 444 460 359 369 471 435 328 377 314 465 446 484","Eng","12","8","247","24","22","7","3","2","5","5","5","5","5","7","7","7","7","20","20","9","18","19","20","28","22","39","54","48","26","10","15","80","37","3","52","40","20","46","60","101","18","78","107","59","53","592","450","503","353","374","428","469","480","444","460","359","369","471","435","328","377","314","465","446","484"
"Andersson, Gunnar","1631","43 28 28 41 42 31 31 14 31 32 33 37 28 24 31 30 31 31 31 24","25 20 96 41 73 44 57 101 105 63 91 30 28 107 2 47 27 46 86 89","360 373 459 416 338 434 421 269 370 494 413 547 326 422 417 429 380 485 494 354","SWE","10","10","-364","20","59","43","28","28","41","42","31","31","14","31","32","33","37","28","24","31","30","31","31","31","24","25","20","96","41","73","44","57","101","105","63","91","30","28","107","2","47","27","46","86","89","360","373","459","416","338","434","421","269","370","494","413","547","326","422","417","429","380","485","494","354"
"Andronowski, Piotr","1976","20 27 35 11 13 2 18 18 20 13 17 32 23 21 32 32 23 25 29 16","87 46 107 91 18 105 63 50 10 13 58 9 84 53 38 29 19 98 27 70","439 394 458 480 409 399 482 359 338 422 359 492 384 511 361 388 435 485 515 566","Sco","12","8","597","24","21","20","27","35","11","13","2","18","18","20","13","17","32","23","21","32","32","23","25","29","16","87","46","107","91","18","105","63","50","10","13","58","9","84","53","38","29","19","98","27","70","439","394","458","480","409","399","482","359","338","422","359","492","384","511","361","388","435","485","515","566"
"Armstrong, Peter","2053","12 23 23 3 3 4 8 9 8 8 5 1 6 3 13 12 10 11 9 12","99 37 41 35 47 23 33 10 61 3 52 62 50 93 55 20 18 84 13 21","471 484 409 489 455 383 380 403 540 487 350 428 364 322 499 390 481 465 446 454","USA","14","6","436","28","6","12","23","23","3","3","4","8","9","8","8","5","1","6","3","13","12","10","11","9","12","99","37","41","35","47","23","33","10","61","3","52","62","50","93","55","20","18","84","13","21","471","484","409","489","455","383","380","403","540","487","350","428","364","322","499","390","481","465","446","454"
"Baig, Moizullah","1489","4 10 47 30 32 28 51 37 18 19 20 32 27 30 36 36 24 23 23 23","103 102 51 54 27 107 16 72 21 4 80 7 91 47 63 42 58 19 76 73","411 339 424 445 386 487 445 445 408 422 449 454 381 407 554 439 393 338 439 307","PAK","9","11","-125","18","68","4","10","47","30","32","28","51","37","18","19","20","32","27","30","36","36","24","23","23","23","103","102","51","54","27","107","16","72","21","4","80","7","91","47","63","42","58","19","76","73","411","339","424","445","386","487","445","445","408","422","449","454","381","407","554","439","393","338","439","307"
"Balasingam, Vannitha","1873","40 43 50 4 5 20 9 9 20 20 9 14 19 17 12 9 5 1 13 14","104 75 40 12 5 37 50 8 7 46 23 69 27 29 51 90 55 32 83 20","430 410 520 365 401 412 457 347 480 382 433 445 654 436 381 362 367 428 527 540","MYS","13","7","939","26","8","40","43","50","4","5","20","9","9","20","20","9","14","19","17","12","9","5","1","13","14","104","75","40","12","5","37","50","8","7","46","23","69","27","29","51","90","55","32","83","20","430","410","520","365","401","412","457","347","480","382","433","445","654","436","381","362","367","428","527","540"
"Barker, John","1315","17 36 43 39 41 41 12 29 27 33 31 18 38 38 42 45 47 47 46 46","2 83 75 77 95 19 4 30 109 57 107 35 38 64 100 24 39 34 72 42","456 446 392 456 409 323 371 434 363 509 399 462 381 303 394 428 491 469 433 334","AUS","9","11","-332","18","75","17","36","43","39","41","41","12","29","27","33","31","18","38","38","42","45","47","47","46","46","2","83","75","77","95","19","4","30","109","57","107","35","38","64","100","24","39","34","72","42","456","446","392","456","409","323","371","434","363","509","399","462","381","303","394","428","491","469","433","334"
"Beevers, Craig","2066","11 22 10 4 4 1 4 4 6 5 4 4 4 6 5 2 4 6 4 4","66 74 59 10 35 93 26 81 90 56 50 32 31 83 4 103 14 33 52 62","496 497 484 421 487 420 538 338 463 404 603 304 426 541 420 343 487 542 445 408","Eng","16","4","827","32","3","11","22","10","4","4","1","4","4","6","5","4","4","4","6","5","2","4","6","4","4","66","74","59","10","35","93","26","81","90","56","50","32","31","83","4","103","14","33","52","62","496","497","484","421","487","420","538","338","463","404","603","304","426","541","420","343","487","542","445","408"
"Berofsky, Evan","1949","25 31 31 38 38 38 29 20 13 13 13 9 8 10 6 6 15 15 9 15","44 65 77 73 88 17 29 98 47 7 14 78 89 81 56 49 101 80 8 4","387 298 428 513 458 481 563 376 504 446 413 439 473 377 382 344 578 434 366 465","CAN","11.5","8.5","682","23","28","25","31","31","38","38","38","29","20","13","13","13","9","8","10","6","6","15","15","9","15","44","65","77","73","88","17","29","98","47","7","14","78","89","81","56","49","101","80","8","4","387","298","428","513","458","481","563","376","504","446","413","439","473","377","382","344","578","434","366","465"
"Brousson, Theresa","1982","19 26 26 9 7 16 22 8 19 12 13 10 3 4 11 5 4 5 5 1","95 86 55 61 81 18 30 33 46 53 13 23 93 31 49 56 12 52 62 103","444 466 495 369 449 545 473 357 499 444 437 514 346 495 485 491 479 343 359 499","MLT","13","7","581","26","16","19","26","26","9","7","16","22","8","19","12","13","10","3","4","11","5","4","5","5","1","95","86","55","61","81","18","30","33","46","53","13","23","93","31","49","56","12","52","62","103","444","466","495","369","449","545","473","357","499","444","437","514","346","495","485","491","479","343","359","499"
"Bruce, Cicely","1527","5 45 21 7 9 5 24 27 24 23 43 36 45 47 47 47 34 34 33 33","62 73 30 81 83 5 48 107 51 76 108 72 43 39 77 92 68 37 35 87","482 404 439 370 384 382 402 482 405 345 402 386 342 454 414 486 403 359 333 342","NZL","8","12","-87","16","86","5","45","21","7","9","5","24","27","24","23","43","36","45","47","47","47","34","34","33","33","62","73","30","81","83","5","48","107","51","76","108","72","43","39","77","92","68","37","35","87","482","404","439","370","384","382","402","482","405","345","402","386","342","454","414","486","403","359","333","342"
"Caba, Catalin","1349","3 35 54 42 43 51 51 51 44 42 46 48 48 46 43 50 51 52 54 51","93 107 19 40 43 75 9 63 59 87 39 66 22 104 44 96 82 94 95 41","244 395 328 386 441 393 402 313 393 409 430 379 357 318 374 291 331 502 362 403","ROM","7","13","-801","14","98","3","35","54","42","43","51","51","51","44","42","46","48","48","46","43","50","51","52","54","51","93","107","19","40","43","75","9","63","59","87","39","66","22","104","44","96","82","94","95","41","244","395","328","386","441","393","402","313","393","409","430","379","357","318","374","291","331","502","362","403"
"Callaghan, Rowan","1347","23 47 39 27 26 38 42 42 39 43 39 43 50 54 52 52 52 50 45 42","89 59 23 3 102 13 25 24 0 108 54 104 66 94 95 82 99 96 100 77","395 396 367 349 358 359 417 386 -75 392 341 313 279 413 422 318 421 408 359 446","Eng","7","13","-829","14","99","23","47","39","27","26","38","42","42","39","43","39","43","50","54","52","52","52","50","45","42","89","59","23","3","102","13","25","24","0","108","54","104","66","94","95","82","99","96","100","77","395","396","367","349","358","359","417","386","-75","392","341","313","279","413","422","318","421","408","359","446"
"Carter, Gerald","1755","48 7 33 13 13 16 16 21 16 16 16 16 18 18 18 18 10 10 10 10","51 98 90 80 7 14 52 2 79 27 20 89 29 35 40 5 8 23 28 48","551 403 487 458 464 464 477 459 455 389 479 382 435 486 408 455 460 365 368 360","THA","11","9","572","22","34","48","7","33","13","13","16","16","21","16","16","16","16","18","18","18","18","10","10","10","10","51","98","90","80","7","14","52","2","79","27","20","89","29","35","40","5","8","23","28","48","551","403","487","458","464","464","477","459","455","389","479","382","435","486","408","455","460","365","368","360"
"Charles, Leslie","1747","29 33 54 15 21 41 40 2 22 21 30 30 34 37 37 21 23 23 20 18","52 90 16 58 31 11 60 105 48 106 59 38 97 37 1 70 7 9 107 81","294 425 383 348 345 494 391 446 411 360 399 403 459 449 385 436 374 385 423 478","TTO","11.5","8.5","192","23","30","29","33","54","15","21","41","40","2","22","21","30","30","34","37","37","21","23","23","20","18","52","90","16","58","31","11","60","105","48","106","59","38","97","37","1","70","7","9","107","81","294","425","383","348","345","494","391","446","411","360","399","403","459","449","385","436","374","385","423","478"
"Chinnaiyah, Suresh Thevakumar Samuel","1962","21 28 13 8 8 15 27 26 10 11 16 7 12 11 8 12 11 12 12 14","71 6 80 83 53 58 28 51 40 61 18 5 81 33 23 8 84 50 21 10","494 462 513 374 310 490 393 415 397 438 381 420 342 461 409 474 527 343 514 310","LKA","12","8","-59","24","26","21","28","13","8","8","15","27","26","10","11","16","7","12","11","8","12","11","12","12","14","71","6","80","83","53","58","28","51","40","61","18","5","81","33","23","8","84","50","21","10","494","462","513","374","310","490","393","415","397","438","381","420","342","461","409","474","527","343","514","310"
"Clinchy, Evans","1997","18 18 22 19 28 3 20 25 18 18 8 8 9 13 4 4 9 13 12 12","57 24 1 56 25 47 37 3 9 79 93 33 101 55 31 40 4 83 20 8","442 356 490 401 527 342 502 393 488 485 412 472 421 392 481 423 399 436 318 423","USA","12","8","203","24","23","18","18","22","19","28","3","20","25","18","18","8","8","9","13","4","4","9","13","12","12","57","24","1","56","25","47","37","3","9","79","93","33","101","55","31","40","4","83","20","8","442","356","490","401","527","342","502","393","488","485","412","472","421","392","481","423","399","436","318","423"
"Coventry, Ian","1518","14 42 38 46 47 46 46 31 42 36 49 49 48 45 34 34 29 32 22 21","69 50 54 84 87 96 88 57 0 107 75 86 16 24 97 30 35 45 53 101","331 349 359 424 356 418 479 334 -75 411 440 452 414 416 359 379 457 371 402 423","Eng","11","9","-276","22","43","14","42","38","46","47","46","46","31","42","36","49","49","48","45","34","34","29","32","22","21","69","50","54","84","87","96","88","57","0","107","75","86","16","24","97","30","35","45","53","101","331","349","359","424","356","418","479","334","-75","411","440","452","414","416","359","379","457","371","402","423"
"Craig, Joanne","1895","35 39 39 1 2 4 1 7 12 15 9 10 7 8 8 8 12 10 17 17","77 71 17 49 105 8 81 62 53 98 10 14 90 89 20 83 50 18 31 51","532 418 610 438 538 361 400 435 475 378 464 397 417 440 541 378 368 469 507 436","NZL","13","7","832","26","11","35","39","39","1","2","4","1","7","12","15","9","10","7","8","8","8","12","10","17","17","77","71","17","49","105","8","81","62","53","98","10","14","90","89","20","83","50","18","31","51","532","418","610","438","538","361","400","435","475","378","464","397","417","440","541","378","368","469","507","436"
"Cummins, Chris","1600","24 18 40 25 25 29 35 42 41 41 40 40 43 45 45 45 49 49 49 45","61 21 99 2 46 29 55 17 77 64 38 85 36 22 45 11 66 97 82 65","399 363 512 361 333 360 378 541 385 394 380 383 543 382 397 358 412 446 368 347","Sco","6","14","-1","12","103","24","18","40","25","25","29","35","42","41","41","40","40","43","45","45","45","49","49","49","45","61","21","99","2","46","29","55","17","77","64","38","85","36","22","45","11","66","97","82","65","399","363","512","361","333","360","378","541","385","394","380","383","543","382","397","358","412","446","368","347"
"Dangoor, Elie","1816","43 14 18 17 28 39 42 23 52 45 45 45 37 39 35 35 27 26 21 25","6 1 81 4 21 51 17 45 99 97 94 57 71 54 72 37 108 42 109 31","471 456 307 361 352 262 360 456 263 542 547 324 474 361 561 461 461 658 381 364","Eng","11","9","293","22","37","43","14","18","17","28","39","42","23","52","45","45","45","37","39","35","35","27","26","21","25","6","1","81","4","21","51","17","45","99","97","94","57","71","54","72","37","108","42","109","31","471","456","307","361","352","262","360","456","263","542","547","324","474","361","561","461","461","658","381","364"
"Day, Jesse","1895","36 40 24 5 6 6 4 1 9 9 6 15 32 22 22 20 17 16 16 9","91 72 69 5 103 52 12 83 32 101 90 56 61 1 27 78 53 76 70 80","399 567 407 467 477 477 390 440 418 302 374 366 427 534 527 360 491 432 506 443","USA","13","7","675","26","14","36","40","24","5","6","6","4","1","9","9","6","15","32","22","22","20","17","16","16","9","91","72","69","5","103","52","12","83","32","101","90","56","61","1","27","78","53","76","70","80","399","567","407","467","477","477","390","440","418","302","374","366","427","534","527","360","491","432","506","443"
"Delicata, David","1762","53 52 7 32 32 32 28 28 15 16 11 19 19 19 22 14 31 27 29 26","65 82 37 74 9 72 107 32 58 18 31 4 10 46 26 102 6 108 7 91","467 448 377 414 405 468 411 368 455 428 332 301 253 521 350 398 495 493 336 321","MLT","10","10","-843","20","63","53","52","7","32","32","32","28","28","15","16","11","19","19","19","22","14","31","27","29","26","65","82","37","74","9","72","107","32","58","18","31","4","10","46","26","102","6","108","7","91","467","448","377","414","405","468","411","368","455","428","332","301","253","521","350","398","495","493","336","321"
"Dominiczak, Rafal","1763","52 51 17 12 27 27 27 30 38 40 34 23 28 28 20 15 13 9 10 3","106 87 61 62 2 98 20 35 86 59 65 109 6 42 29 76 83 4 18 90","500 453 414 387 499 400 367 351 410 375 500 399 416 340 447 432 343 417 366 316","POL","11","9","305","22","36","52","51","17","12","27","27","27","30","38","40","34","23","28","28","20","15","13","9","10","3","106","87","61","62","2","98","20","35","86","59","65","109","6","42","29","76","83","4","18","90","500","453","414","387","499","400","367","351","410","375","500","399","416","340","447","432","343","417","366","316"
"Downer, Penny","1912","28 34 12 28 11 29 29 16 32 31 21 22 18 17 20 32 40 37 39 43","97 44 52 46 91 24 13 90 63 105 102 53 18 10 28 7 43 47 1 30","433 457 394 336 464 534 275 368 454 408 368 491 362 415 431 346 337 414 523 386","Wal","9","11","-233","18","70","28","34","12","28","11","29","29","16","32","31","21","22","18","17","20","32","40","37","39","43","97","44","52","46","91","24","13","90","63","105","102","53","18","10","28","7","43","47","1","30","433","457","394","336","464","534","275","368","454","408","368","491","362","415","431","346","337","414","523","386"
"Dyer, Becky","1807","45 48 21 22 14 22 22 29 37 37 37 37 29 29 29 34 43 43 43 43","3 94 15 50 101 108 14 11 85 65 1 6 79 74 68 22 34 104 87 29","368 446 381 427 578 345 349 430 468 424 448 439 383 359 456 370 498 479 442 449","USA","10","10","426","20","48","45","48","21","22","14","22","22","29","37","37","37","37","29","29","29","34","43","43","43","43","3","94","15","50","101","108","14","11","85","65","1","6","79","74","68","22","34","104","87","29","368","446","381","427","578","345","349","430","468","424","448","439","383","359","456","370","498","479","442","449"
"Edwards, Calum","1778","50 15 25 21 21 21 21 12 14 14 11 11 4 4 4 10 16 22 17 25","98 41 108 85 19 32 49 102 35 47 27 40 12 14 21 33 76 51 23 25","513 518 433 516 470 417 343 412 460 400 447 454 381 412 394 345 470 410 342 519","Eng","11","9","229","22","39","50","15","25","21","21","21","21","12","14","14","11","11","4","4","4","10","16","22","17","25","98","41","108","85","19","32","49","102","35","47","27","40","12","14","21","33","76","51","23","25","513","518","433","516","470","417","343","412","460","400","447","454","381","412","394","345","470","410","342","519"
"Eldar, David","2106","8 53 53 24 24 21 30 28 9 10 10 4 2 1 3 1 1 1 2 2","1 88 38 76 90 31 102 27 26 40 49 12 62 103 93 52 33 10 69 50","399 427 462 421 281 441 463 561 425 463 499 488 488 537 453 532 415 497 566 314","AUS","16","4","1038","32","2","8","53","53","24","24","21","30","28","9","10","10","4","2","1","3","1","1","1","2","2","1","88","38","76","90","31","102","27","26","40","49","12","62","103","93","52","33","10","69","50","399","427","462","421","281","441","463","561","425","463","499","488","488","537","453","532","415","497","566","314"
"Ogbogu, Azu","1868","13 44 3 18 18 13 8 8 3 4 1 8 11 11 10 10 1 6 6 8","75 96 105 68 44 62 8 14 49 93 81 21 51 20 83 31 32 12 55 56","599 471 348 409 559 447 579 377 396 392 476 450 406 345 550 542 433 337 415 412","NGA","12","8","780","24","19","13","44","3","18","18","13","8","8","3","4","1","8","11","11","10","10","1","6","6","8","75","96","105","68","44","62","8","14","49","93","81","21","51","20","83","31","32","12","55","56","599","471","348","409","559","447","579","377","396","392","476","450","406","345","550","542","433","337","415","412"
"Frydenlund, Anlaug","1228","9 8 34 52 52 54 52 34 48 49 41 51 40 41 44 49 43 47 48 52","58 47 3 36 96 39 38 71 88 75 104 74 2 85 65 77 30 11 66 99","324 361 374 303 340 456 318 306 408 446 372 375 350 410 426 346 391 312 282 480","NOR","7","13","-1088","14","101","9","8","34","52","52","54","52","34","48","49","41","51","40","41","44","49","43","47","48","52","58","47","3","36","96","39","38","71","88","75","104","74","2","85","65","77","30","11","66","99","324","361","374","303","340","456","318","306","408","446","372","375","350","410","426","346","391","312","282","480"
"Gabriel, Marty","1956","22 29 4 3 4 10 32 30 14 17 18 18 17 18 30 37 29 29 33 30","36 70 56 8 12 78 2 28 31 58 109 11 102 18 47 46 22 38 15 60","555 468 506 365 355 356 459 452 440 360 444 463 357 398 490 419 326 463 445 584","USA","11","9","287","22","38","22","29","4","3","4","10","32","30","14","17","18","18","17","18","30","37","29","29","33","30","36","70","56","8","12","78","2","28","31","58","109","11","102","18","47","46","22","38","15","60","555","468","506","365","355","356","459","452","440","360","444","463","357","398","490","419","326","463","445","584"
"Geamsakul, Warodom","1160","22 49 46 52 53 53 14 46 45 46 48 47 43 43 54 51 53 53 53 54","35 45 104 34 66 41 101 85 97 100 88 43 24 44 94 99 95 82 92 96","355 294 325 577 439 303 289 348 364 402 435 381 251 349 314 365 374 286 378 462","JPN","7","13","-1073","14","100","22","49","46","52","53","53","14","46","45","46","48","47","43","43","54","51","53","53","53","54","35","45","104","34","66","41","101","85","97","100","88","43","24","44","94","99","95","82","92","96","355","294","325","577","439","303","289","348","364","402","435","381","251","349","314","365","374","286","378","462"
"Gillam, Simon","1678","46 23 7 14 20 20 20 5 29 30 36 39 35 37 28 35 38 34 34 35","45 8 27 101 63 10 21 5 102 91 64 77 54 19 105 25 73 15 3 85","390 337 482 432 334 405 401 409 383 377 409 465 389 369 472 453 358 378 388 374","Sco","8","12","-264","16","89","46","23","7","14","20","20","20","5","29","30","36","39","35","37","28","35","38","34","34","35","45","8","27","101","63","10","21","5","102","91","64","77","54","19","105","25","73","15","3","85","390","337","482","432","334","405","401","409","383","377","409","465","389","369","472","453","358","378","388","374"
"Grossman, Barry","1725","47 6 53 50 46 36 52 39 36 35 40 30 38 40 32 17 26 29 27 31","105 56 32 70 84 97 34 89 107 54 24 19 11 71 7 53 2 35 91 79","272 359 400 428 351 402 372 334 317 420 398 395 483 469 443 358 442 287 468 352","Eng","10","10","-497","20","61","47","6","53","50","46","36","52","39","36","35","40","30","38","40","32","17","26","29","27","31","105","56","32","70","84","97","34","89","107","54","24","19","11","71","7","53","2","35","91","79","272","359","400","428","351","402","372","334","317","420","398","395","483","469","443","358","442","287","468","352"
"Guest, Cornelia","1308","7 17 52 54 54 54 50 53 51 51 46 46 44 47 48 54 47 46 47 40","5 81 42 79 92 34 70 64 0 74 16 75 100 15 66 94 11 72 97 104","308 361 363 307 407 399 388 501 75 276 432 324 371 282 414 397 342 424 387 394","USA","8","12","-990","16","92","7","17","52","54","54","54","50","53","51","51","46","46","44","47","48","54","47","46","47","40","5","81","42","79","92","34","70","64","0","74","16","75","100","15","66","94","11","72","97","104","308","361","363","307","407","399","388","501","75","276","432","324","371","282","414","397","342","424","387","394"
"Haigh, Graham","1778","49 50 50 42 30 24 26 22 10 10 7 11 13 12 18 4 6 4 8 13","88 64 10 16 54 69 51 80 20 32 5 31 55 58 18 21 52 103 50 78","511 405 322 471 372 502 449 475 457 308 540 433 317 472 439 461 397 453 503 425","Eng","12","8","96","24","24","49","50","50","42","30","24","26","22","10","10","7","11","13","12","18","4","6","4","8","13","88","64","10","16","54","69","51","80","20","32","5","31","55","58","18","21","52","103","50","78","511","405","322","471","372","502","449","475","457","308","540","433","317","472","439","461","397","453","503","425"
"Hardiyanto, H","979","0 15 23 41 29 53 45 35 51 53 53 52 53 52 51 53 45 48 51 51","0 31 8 6 89 36 84 55 0 94 66 100 92 96 99 95 104 3 44 16","75 248 275 261 363 332 289 200 -75 337 294 255 375 390 348 408 374 194 309 327","IDN","6","14","-2300","12","104","0","15","23","41","29","53","45","35","51","53","53","52","53","52","51","53","45","48","51","51","0","31","8","6","89","36","84","55","0","94","66","100","92","96","99","95","104","3","44","16","75","248","275","261","363","332","289","200","-75","337","294","255","375","390","348","408","374","194","309","327"
"Kondracka, Ewa","1276","1 41 52 40 36 43 44 47 50 50 50 35 26 28 17 36 28 26 26 46","80 49 39 104 107 82 54 86 96 92 99 63 109 28 53 9 59 25 43 11","371 269 412 364 391 465 354 359 391 454 468 417 448 337 392 486 395 262 393 531","POL","9","11","-263","18","72","1","41","52","40","36","43","44","47","50","50","50","35","26","28","17","36","28","26","26","46","80","49","39","104","107","82","54","86","96","92","99","63","109","28","53","9","59","25","43","11","371","269","412","364","391","465","354","359","391","454","468","417","448","337","392","486","395","262","393","531"
"Holmes, David","1600","37 2 49 29 43 19 47 38 47 47 47 47 45 42 40 40 40 40 26 28","49 48 45 89 16 56 79 91 74 44 100 36 15 72 54 104 29 63 42 98","283 350 459 475 404 377 281 335 360 440 335 387 388 467 387 465 443 453 406 438","Eng","10","10","-344","20","58","37","2","49","29","43","19","47","38","47","47","47","47","45","42","40","40","40","40","26","28","49","48","45","89","16","56","79","91","74","44","100","36","15","72","54","104","29","63","42","98","283","350","459","475","404","377","281","335","360","440","335","387","388","467","387","465","443","453","406","438"
"Huitson, Nicky","1370","25 34 14 23 18 31 41 50 49 47 52 53 46 43 43 46 48 42 51 44","13 29 102 48 33 6 109 70 75 43 95 94 104 36 16 100 3 77 41 106","416 319 416 315 317 411 313 310 291 334 483 426 368 469 267 379 340 391 432 396","Eng","9","11","-789","18","80","25","34","14","23","18","31","41","50","49","47","52","53","46","43","43","46","48","42","51","44","13","29","102","48","33","6","109","70","75","43","95","94","104","36","16","100","3","77","41","106","416","319","416","315","317","411","313","310","291","334","483","426","368","469","267","379","340","391","432","396"
"Jackson, Scott","1800","46 49 49 33 35 23 23 23 30 28 24 26 39 36 45 41 32 32 32 38","37 36 43 109 74 53 108 25 91 55 51 80 85 63 24 65 60 22 68 57","347 512 318 472 314 288 404 465 444 369 396 398 390 455 410 441 379 348 425 404","USA","7.5","12.5","-290","15","94","46","49","49","33","35","23","23","23","30","28","24","26","39","36","45","41","32","32","32","38","37","36","43","109","74","53","108","25","91","55","51","80","85","63","24","65","60","22","68","57","347","512","318","472","314","288","404","465","444","369","396","398","390","455","410","441","379","348","425","404"
"Kamara, Mohamed","1742","31 27 27 28 25 17 10 10 19 20 29 21 20 19 21 37 30 31 25 20","83 7 60 29 24 50 103 49 14 10 105 102 5 27 70 35 74 6 98 107","351 398 413 585 416 446 260 298 431 423 396 348 331 444 404 437 429 418 359 442","SLE","10","10","-812","20","62","31","27","27","28","25","17","10","10","19","20","29","21","20","19","21","37","30","31","25","20","83","7","60","29","24","50","103","49","14","10","105","102","5","27","70","35","74","6","98","107","351","398","413","585","416","446","260","298","431","423","396","348","331","444","404","437","429","418","359","442"
"Keller, Jason","1767","51 8 8 6 3 3 3 6 13 14 15 29 30 30 30 30 35 37 37 37","100 34 68 103 8 21 62 78 13 31 101 98 108 9 35 6 88 29 73 64","553 488 499 388 499 437 385 357 383 385 404 494 428 400 461 417 402 298 460 418","USA","10","10","243","20","50","51","8","8","6","3","3","3","6","13","14","15","29","30","30","30","30","35","37","37","37","100","34","68","103","8","21","62","78","13","31","101","98","108","9","35","6","88","29","73","64","553","488","499","388","499","437","385","357","383","385","404","494","428","400","461","417","402","298","460","418"
"Kelly, Wayne","1934","27 2 2 23 23 9 24 24 22 22 22 17 33 35 23 25 18 21 18 10","96 43 5 44 76 49 15 4 19 60 53 58 106 2 73 87 109 91 81 18","581 404 372 546 412 368 440 366 499 336 399 344 609 362 429 491 473 342 355 371","Eng","10.5","9.5","528","21","44","27","2","2","23","23","9","24","24","22","22","22","17","33","35","23","25","18","21","18","10","96","43","5","44","76","49","15","4","19","60","53","58","106","2","73","87","109","91","81","18","581","404","372","546","412","368","440","366","499","336","399","344","609","362","429","491","473","342","355","371"
"Kennedy, Rik","1892","37 41 42 1 1 9 21 10 3 3 10 12 14 15 11 6 7 7 7 7","43 42 50 23 93 48 31 46 33 103 32 60 69 76 14 13 90 102 80 109","485 398 479 396 396 368 424 515 319 370 370 493 362 480 342 434 358 390 412 456","NIr","11.5","8.5","543","23","29","37","41","42","1","1","9","21","10","3","3","10","12","14","15","11","6","7","7","7","7","43","42","50","23","93","48","31","46","33","103","32","60","69","76","14","13","90","102","80","109","485","398","479","396","396","368","424","515","319","370","370","493","362","480","342","434","358","390","412","456"
"Khatri, Waseem","1880","39 42 42 22 22 17 9 18 5 6 4 2 6 5 2 13 12 12 8 2","64 22 49 30 108 46 10 7 56 90 12 83 8 52 62 55 23 20 40 32","522 525 270 487 462 443 509 395 486 440 495 433 526 360 402 384 456 580 502 438","PAK","13","7","782","26","12","39","42","42","22","22","17","9","18","5","6","4","2","6","5","2","13","12","12","8","2","64","22","49","30","108","46","10","7","56","90","12","83","8","52","62","55","23","20","40","32","522","525","270","487","462","443","509","395","486","440","495","433","526","360","402","384","456","580","502","438"
"Kirk, Terry","1790","48 54 47 37 39 39 26 26 24 24 24 24 11 9 12 11 22 22 15 17","18 95 9 88 65 25 40 20 15 68 45 61 33 101 10 69 79 31 78 23","328 467 393 460 469 456 427 369 453 468 446 434 351 384 346 305 431 432 348 409","Eng","11","9","201","22","40","48","54","47","37","39","39","26","26","24","24","24","24","11","9","12","11","22","22","15","17","18","95","9","88","65","25","40","20","15","68","45","61","33","101","10","69","79","31","78","23","328","467","393","460","469","456","427","369","453","468","446","434","351","384","346","305","431","432","348","409"
"Koenig, David","1912","29 12 12 10 10 6 16 15 11 7 5 5 5 5 1 1 6 5 4 6","19 106 29 53 61 26 18 76 101 5 8 93 83 50 103 32 40 14 12 55","406 453 416 440 403 440 478 411 516 501 533 453 581 473 431 436 441 452 409 341","USA","13","7","719","26","13","29","12","12","10","10","6","16","15","11","7","5","5","5","5","1","1","6","5","4","6","19","106","29","53","61","26","18","76","101","5","8","93","83","50","103","32","40","14","12","55","406","453","416","440","403","440","478","411","516","501","533","453","581","473","431","436","441","452","409","341"
"Kramer, Jim","2028","15 4 1 10 8 23 13 11 12 12 22 22 21 21 17 17 17 17 22 22","92 60 93 52 20 45 1 103 23 14 48 29 105 7 42 38 26 70 22 5","530 567 384 353 414 459 431 372 440 433 451 480 380 325 459 514 315 432 382 432","USA","10","10","465","20","47","15","4","1","10","8","23","13","11","12","12","22","22","21","21","17","17","17","17","22","22","92","60","93","52","20","45","1","103","23","14","48","29","105","7","42","38","26","70","22","5","530","567","384","353","414","459","431","372","440","433","451","480","380","325","459","514","315","432","382","432"
"Linn, Robert","1753","32 3 38 30 30 30 44 44 35 35 39 41 35 39 40 38 33 35 30 32","81 5 22 9 40 65 42 75 73 38 17 88 37 25 43 105 1 87 60 3","420 442 445 402 332 391 405 500 309 346 484 416 351 406 487 418 443 359 382 466","USA","9","11","338","18","65","32","3","38","30","30","30","44","44","35","35","39","41","35","39","40","38","33","35","30","32","81","5","22","9","40","65","42","75","73","38","17","88","37","25","43","105","1","87","60","3","420","442","445","402","332","391","405","500","309","346","484","416","351","406","487","418","443","359","382","466"
"Lipe, Chris","1897","34 38 26 16 19 25 35 35 28 28 28 28 13 13 13 13 5 3 6 6","60 99 14 78 56 90 24 41 2 45 98 105 40 21 8 50 10 93 33 52","422 455 447 329 374 413 405 599 439 398 478 525 481 481 389 558 448 473 456 456","USA","15","5","1202","30","4","34","38","26","16","19","25","35","35","28","28","28","28","13","13","13","13","5","3","6","6","60","99","14","78","56","90","24","41","2","45","98","105","40","21","8","50","10","93","33","52","422","455","447","329","374","413","405","599","439","398","478","525","481","481","389","558","448","473","456","456"
"Logan, Adam","2183","2 6 4 19 19 19 19 13 5 5 12 15 10 7 6 5 3 2 1 8","72 38 35 21 55 43 59 68 50 12 3 26 58 90 13 14 93 62 103 33","568 420 440 373 408 540 448 474 372 402 506 486 447 486 544 433 406 448 458 422","CAN","13","7","881","26","10","2","6","4","19","19","19","19","13","5","5","12","15","10","7","6","5","3","2","1","8","72","38","35","21","55","43","59","68","50","12","3","26","58","90","13","14","93","62","103","33","568","420","440","373","408","540","448","474","372","402","506","486","447","486","544","433","406","448","458","422"
"MacInerney, Ruth","1500","18 9 9 45 44 44 31 31 33 33 51 45 49 49 38 26 41 39 38 38","21 76 106 72 82 92 6 22 70 11 74 25 77 95 64 3 65 86 85 45","434 409 430 394 422 389 329 451 326 389 398 318 427 355 319 497 469 375 343 411","Eng","8.5","11.5","-83","17","81","18","9","9","45","44","44","31","31","33","33","51","45","49","49","38","26","41","39","38","38","21","76","106","72","82","92","6","22","70","11","74","25","77","95","64","3","65","86","85","45","434","409","430","394","422","389","329","451","326","389","398","318","427","355","319","497","469","375","343","411"
"Mackay, Lewis","2089","9 11 11 15 15 15 17 17 15 17 17 17 10 12 16 16 24 24 24 41","34 85 98 19 80 20 68 108 27 35 7 48 56 40 69 79 9 2 89 88","463 406 483 397 404 328 445 484 389 387 517 351 406 395 375 447 363 390 524 490","Eng","10","10","415","20","49","9","11","11","15","15","15","17","17","15","17","17","17","10","12","16","16","24","24","24","41","34","85","98","19","80","20","68","108","27","35","7","48","56","40","69","79","9","2","89","88","463","406","483","397","404","328","445","484","389","387","517","351","406","395","375","447","363","390","524","490"
"Mackenzie, Ross","1808","44 47 10 43 34 26 19 19 44 40 30 25 36 34 46 42 28 28 28 29","74 17 12 64 71 102 56 106 16 28 19 68 63 97 104 72 42 89 5 2","356 361 347 374 456 406 380 287 456 366 408 281 288 490 491 450 397 442 426 431","Sco","10","10","-320","20","57","44","47","10","43","34","26","19","19","44","40","30","25","36","34","46","42","28","28","28","29","74","17","12","64","71","102","56","106","16","28","19","68","63","97","104","72","42","89","5","2","356","361","347","374","456","406","380","287","456","366","408","281","288","490","491","450","397","442","426","431"
"Magu, Fred","1657","34 4 27 48 48 40 40 32 21 22 14 12 15 20 27 27 32 30 30 30","55 53 46 86 99 77 19 73 106 48 69 49 76 5 109 1 45 74 54 35","413 329 389 458 445 484 391 457 530 437 223 320 388 400 381 364 442 360 407 343","KEN","9.5","10.5","-321","19","64","34","4","27","48","48","40","40","32","21","22","14","12","15","20","27","27","32","30","30","30","55","53","46","86","99","77","19","73","106","48","69","49","76","5","109","1","45","74","54","35","413","329","389","458","445","484","391","457","530","437","223","320","388","400","381","364","442","360","407","343"
"Matthews, Jesse","1949","24 32 17 9 10 8 7 3 8 11 19 24 32 25 26 31 21 19 19 11","24 97 28 14 52 103 83 93 8 20 4 51 26 80 3 2 91 78 102 84","419 392 475 510 412 506 391 381 408 409 414 371 305 472 419 487 462 354 488 484","CAN","12","8","94","24","25","24","32","17","9","10","8","7","3","8","11","19","24","32","25","26","31","21","19","19","11","24","97","28","14","52","103","83","93","8","20","4","51","26","80","3","2","91","78","102","84","419","392","475","510","412","506","391","381","408","409","414","371","305","472","419","487","462","354","488","484"
"May, Chris","2125","5 20 20 12 12 13 3 7 1 2 2 1 2 2 2 3 2 2 5 4","15 109 92 28 3 33 47 23 83 81 78 8 32 4 50 93 103 56 14 12","380 511 590 397 419 571 547 458 458 452 436 400 461 435 486 337 394 399 431 379","AUS","13","7","597","26","15","5","20","20","12","12","13","3","7","1","2","2","1","2","2","2","3","2","2","5","4","15","109","92","28","3","33","47","23","83","81","78","8","32","4","50","93","103","56","14","12","380","511","590","397","419","571","547","458","458","452","436","400","461","435","486","337","394","399","431","379"
"Mayhew, John","1700","41 25 41 20 20 18 18 51 32 32 32 35 36 36 36 29 37 40 40 39","73 101 65 108 37 2 7 16 29 6 72 42 59 45 9 68 85 43 64 1","355 496 505 455 329 400 358 478 368 395 521 349 477 371 258 406 362 447 375 407","Eng","7","13","-318","14","96","41","25","41","20","20","18","18","51","32","32","32","35","36","36","36","29","37","40","40","39","73","101","65","108","37","2","7","16","29","6","72","42","59","45","9","68","85","43","64","1","355","496","505","455","329","400","358","478","368","395","521","349","477","371","258","406","362","447","375","407"
"McParland, Maurice","1597","39 50 30 43 31 42 53 53 40 41 36 38 41 38 38 43 36 41 40 37","50 40 89 59 1 109 86 39 87 24 37 71 98 11 57 106 105 65 63 47","268 464 276 329 290 398 503 400 415 372 417 343 336 468 340 362 401 435 386 346","IRL","9","11","-749","18","79","39","50","30","43","31","42","53","53","40","41","36","38","41","38","38","43","36","41","40","37","50","40","89","59","1","109","86","39","87","24","37","71","98","11","57","106","105","65","63","47","268","464","276","329","290","398","503","400","415","372","417","343","336","468","340","362","401","435","386","346"
"Nang, Sandy","1629","53 31 41 36 39 30 36 45 34 37 34 42 47 44 44 41 41 41 44 45","27 13 63 107 51 54 97 104 84 30 28 87 75 100 34 45 57 64 106 24","310 409 346 275 354 410 452 412 438 338 288 386 475 460 337 441 280 380 425 419","USA","8.5","11.5","-645","17","82","53","31","41","36","39","30","36","45","34","37","34","42","47","44","44","41","41","41","44","45","27","13","63","107","51","54","97","104","84","30","28","87","75","100","34","45","57","64","106","24","310","409","346","275","354","410","452","412","438","338","288","386","475","460","337","441","280","380","425","419"
"Ngundi, Mutua","0","11 5 32 53 53 52 49 49 54 54 53 48 50 51 48 48 49 51 48 48","12 105 97 96 36 86 100 94 95 82 41 16 17 88 39 75 24 99 34 68","344 320 359 340 361 308 312 384 388 495 543 372 429 354 351 461 414 381 372 323","KEN","8","12","-104","16","87","11","5","32","53","53","52","49","49","54","54","53","48","50","51","48","48","49","51","48","48","12","105","97","96","36","86","100","94","95","82","41","16","17","88","39","75","24","99","34","68","344","320","359","340","361","308","312","384","388","495","543","372","429","354","351","461","414","381","372","323"
"Nyman, Mark","2075","10","0 0 0 0 0 0 0 0 0 0 0 0 0 0 0 0 0 0 0 0","50 -75 -75 -75 -75 -75 -75 -75 -75 -75 -75 -75 -75 -75 -75 -75 -75 -75 -75 -75","Eng","1","19","-1375","2","10","10","0","0","0","0","0","0","0","0","0","0","0","0","0","0","0","0","0","0","0","0","0","0","0","0","0","0","0","0","0","0","0","0","0","0","0","0","0","0","0","50","-75","-75","-75","-75","-75","-75","-75","-75","-75","-75","-75","-75","-75","-75","-75","-75","-75","-75","-75"
"O'Rourke, Nuala","1492","6 37 8 18 17 35 17 13 25 24 25 25 25 27 29 29 34 36 32 48","78 84 47 33 4 1 58 56 69 51 71 59 80 91 30 63 15 105 45 66","404 435 379 399 431 478 341 381 273 443 449 464 377 389 463 392 398 369 486 414","NIr","9","11","-295","18","73","6","37","8","18","17","35","17","13","25","24","25","25","25","27","29","29","34","36","32","48","78","84","47","33","4","1","58","56","69","51","71","59","80","91","30","63","15","105","45","66","404","435","379","399","431","478","341","381","273","443","449","464","377","389","463","392","398","369","486","414"
"OLaughlin, John","2029","14 24 24 35 37 24 33 33 25 25 14 14 14 14 16 11 8 8 2 5","22 3 26 95 98 40 73 74 68 71 60 10 49 78 58 51 102 90 32 93","483 393 350 543 376 429 468 512 577 490 532 386 349 496 447 464 504 417 389 415","USA","12","8","1375","24","17","14","24","24","35","37","24","33","33","25","25","14","14","14","14","16","11","8","8","2","5","22","3","26","95","98","40","73","74","68","71","60","10","49","78","58","51","102","90","32","93","483","393","350","543","376","429","468","512","577","490","532","386","349","496","447","464","504","417","389","415"
"Perry, Steve","1693","38 29 29 50 50 50 50 50 33 27 27 13 16 16 21 21 20 17 16 16","76 35 72 38 94 84 39 44 57 109 79 101 78 102 46 19 107 53 26 7","330 359 395 368 546 495 432 398 465 387 468 339 444 431 439 320 484 406 303 253","Eng","10","10","-209","20","56","38","29","29","50","50","50","50","50","33","27","27","13","16","16","21","21","20","17","16","16","76","35","72","38","94","84","39","44","57","109","79","101","78","102","46","19","107","53","26","7","330","359","395","368","546","495","432","398","465","387","468","339","444","431","439","320","484","406","303","253"
"Pinner, Matthew","1500","21 39 19 34 34 34 34 34 26 25 25 38 37 40 39 39 46 45 42 34","20 23 79 98 59 99 95 34 80 69 68 64 25 38 106 88 92 100 77 108","479 359 395 379 319 438 422 380 356 365 402 497 392 330 471 418 408 468 451 371","Eng","9","11","-119","18","67","21","39","19","34","34","34","34","34","26","25","25","38","37","40","39","39","46","45","42","34","20","23","79","98","59","99","95","34","80","69","68","64","25","38","106","88","92","100","77","108","479","359","395","379","319","438","422","380","356","365","402","497","392","330","471","418","408","468","451","371"
"Poh, Ying Ming","1195","2 40 29 45 45 32 2 37 43 44 32 36 42 42 35 42 44 46 46 53","56 26 70 57 106 27 105 9 104 85 63 15 86 43 25 59 100 39 11 92","330 361 406 435 408 376 358 438 383 341 417 424 428 409 290 361 519 389 406 491","SGP","8","12","-946","16","91","2","40","29","45","45","32","2","37","43","44","32","36","42","42","35","42","44","46","46","53","56","26","70","57","106","27","105","9","104","85","63","15","86","43","25","59","100","39","11","92","330","361","406","435","408","376","358","438","383","341","417","424","428","409","290","361","519","389","406","491"
"Polatnick, Steve","1860","41 45 15 38 42 37 33 32 35 38 23 31 22 23 23 23 38 38 37 23","63 15 101 13 6 89 69 60 54 86 76 107 1 84 48 80 37 85 47 9","383 397 318 378 553 381 351 332 484 616 349 422 376 438 425 364 376 482 373 401","USA","10","10","-117","20","54","41","45","15","38","42","37","33","32","35","38","23","31","22","23","23","23","38","38","37","23","63","15","101","13","6","89","69","60","54","86","76","107","1","84","48","80","37","85","47","9","383","397","318","378","553","381","351","332","484","616","349","422","376","438","425","364","376","482","373","401"
"Pratesi, Diane","1732","44 22 45 32 35 45 11 33 47 51 51 51 24 29 41 33 30 30 35 27","59 12 100 27 45 106 91 69 43 39 57 34 107 30 85 98 46 60 2 76","318 361 402 303 418 369 395 322 506 513 401 415 403 401 441 444 355 476 469 336","Eng","10","10","-80","20","53","44","22","45","32","35","45","11","33","47","51","51","51","24","29","41","33","30","30","35","27","59","12","100","27","45","106","91","69","43","39","57","34","107","30","85","98","46","60","2","76","318","361","402","303","418","369","395","322","506","513","401","415","403","401","441","444","355","476","469","336"
"Pratesi, Mauro","1200","13 43 43 51 51 51 48 44 49 49 49 46 47 48 49 48 54 54 52 49","33 10 11 92 79 16 96 54 44 34 22 39 65 86 88 66 94 95 99 82","383 333 382 426 389 388 412 314 380 334 373 407 343 423 364 344 425 427 420 344","ITA","7","13","-599","14","97","13","43","43","51","51","51","48","44","49","49","49","46","47","48","49","48","54","54","52","49","33","10","11","92","79","16","96","54","44","34","22","39","65","86","88","66","94","95","99","82","383","333","382","426","389","388","412","314","380","334","373","407","343","423","364","344","425","427","420","344"
"Rau, Stefan","1884","38 9 5 24 23 11 15 15 23 23 23 20 15 15 15 15 16 16 23 27","70 57 103 32 48 91 3 52 89 15 73 106 60 49 78 28 31 26 9 74","501 501 358 383 587 619 376 397 402 526 383 467 477 338 554 329 462 411 490 436","USA","11","9","896","22","32","38","9","5","24","23","11","15","15","23","23","23","20","15","15","15","15","16","16","23","27","70","57","103","32","48","91","3","52","89","15","73","106","60","49","78","28","31","26","9","74","501","501","358","383","587","619","376","397","402","526","383","467","477","338","554","329","462","411","490","436"
"Rau, Terry Kang","1600","35 30 31 39 40 40 39 41 41 39 35 39 49 50 47 49 42 42 42 42","23 89 13 11 104 60 87 109 24 1 2 37 57 82 15 34 106 44 71 17","363 458 329 327 459 370 411 302 431 355 272 449 386 458 368 481 461 354 341 457","USA","8","12","-816","16","90","35","30","31","39","40","40","39","41","41","39","35","39","49","50","47","49","42","42","42","42","23","89","13","11","104","60","87","109","24","1","2","37","57","82","15","34","106","44","71","17","363","458","329","327","459","370","411","302","431","355","272","449","386","458","368","481","461","354","341","457"
"Richards, Alastair","2120","6 21 48 16 16 10 6 6 2 1 2 9 16 14 15 20 19 19 15 13","68 100 82 55 85 35 93 47 81 83 62 13 70 69 76 26 5 61 51 40","335 440 557 491 415 548 402 468 391 374 397 381 467 322 415 605 404 482 477 437","AUS","13","7","912","26","9","6","21","48","16","16","10","6","6","2","1","2","9","16","14","15","20","19","19","15","13","68","100","82","55","85","35","93","47","81","83","62","13","70","69","76","26","5","61","51","40","335","440","557","491","415","548","402","468","391","374","397","381","467","322","415","605","404","482","477","437"
"Richards, Karen","1655","30 19 19 54 51 47 47 36 16 18 27 33 29 32 24 16 22 18 14 31","102 103 71 39 75 87 43 1 18 21 70 91 30 105 107 58 51 109 101 38","355 271 313 422 450 429 428 382 360 483 363 409 500 501 393 492 406 421 403 480","AUS","10","10","-79","20","52","30","19","19","54","51","47","47","36","16","18","27","33","29","32","24","16","22","18","14","31","102","103","71","39","75","87","43","1","18","21","70","91","30","105","107","58","51","109","101","38","355","271","313","422","450","429","428","382","360","483","363","409","500","501","393","492","406","421","403","480"
"Richards, Nigel","2315","1 13 13 13 15 33 5 22 26 26 20 26 25 25 25 23 14 15 7 9","42 108 20 18 58 85 5 40 71 89 9 45 68 61 87 73 81 13 49 26","480 491 360 427 414 509 434 474 431 375 435 476 540 416 438 551 439 487 480 387","NZL","12","8","991","24","18","1","13","13","13","15","33","5","22","26","26","20","26","25","25","25","23","14","15","7","9","42","108","20","18","58","85","5","40","71","89","9","45","68","61","87","73","81","13","49","26","480","491","360","427","414","509","434","474","431","375","435","476","540","416","438","551","439","487","480","387"
"Rio, Odette Carmina","1900","32 17 18 7 7 7 1 4 2 2 1 3 12 10 7 7 14 14 18 18","54 39 25 15 14 83 23 12 78 62 33 103 20 13 90 4 80 101 48 19","437 418 524 444 456 362 525 593 441 420 409 441 443 377 350 423 375 434 363 458","PHL","10.5","9.5","488","21","45","32","17","18","7","7","7","1","4","2","2","1","3","12","10","7","7","14","14","18","18","54","39","25","15","14","83","23","12","78","62","33","103","20","13","90","4","80","101","48","19","437","418","524","444","456","362","525","593","441","420","409","441","443","377","350","423","375","434","363","458"
"Robertshaw, Beverley","1472","16 52 48 44 44 43 43 48 53 54 54 54 51 50 53 52 51 53 49 49","101 27 78 106 57 42 99 97 94 66 96 95 88 77 92 17 16 36 24 75","420 461 281 413 404 416 273 394 470 374 426 309 361 418 327 378 502 432 473 390","Eng","8","12","-139","16","88","16","52","48","44","44","43","43","48","53","54","54","54","51","50","53","52","51","53","49","49","101","27","78","106","57","42","99","97","94","66","96","95","88","77","92","17","16","36","24","75","420","461","281","413","404","416","273","394","470","374","426","309","361","418","327","378","502","432","473","390"
"Robertshaw, Phil","1900","31 36 36 8 9 7 7 1 1 1 3 2 5 6 10 8 13 13 13 19","46 11 85 20 15 81 61 26 62 78 103 50 52 12 33 23 28 21 10 102","473 456 440 494 415 380 469 464 430 457 386 388 470 370 340 411 393 416 469 459","Eng","12","8","-119","24","27","31","36","36","8","9","7","7","1","1","1","3","2","5","6","10","8","13","13","13","19","46","11","85","20","15","81","61","26","62","78","103","50","52","12","33","23","28","21","10","102","473","456","440","494","415","380","469","464","430","457","386","388","470","370","340","411","393","416","469","459"
"Robinson, Jared","1898","33 37 37 46 46 50 45 43 34 34 38 34 23 23 19 22 11 11 11 11","85 68 88 22 38 70 41 99 65 104 86 2 7 73 91 89 20 8 4 61","400 334 418 339 388 416 589 550 365 501 496 422 407 451 418 589 471 359 363 396","Eng","10","10","50","20","51","33","37","37","46","46","50","45","43","34","34","38","34","23","23","19","22","11","11","11","11","85","68","88","22","38","70","41","99","65","104","86","2","7","73","91","89","20","8","4","61","400","334","418","339","388","416","589","550","365","501","496","422","407","451","418","589","471","359","363","396"
"Romany, Rodney","1752","33 11 36 21 16 33 37 46 37 44 44 40 39 41 41 28 37 38 38 35","84 58 83 31 78 80 89 36 30 72 97 24 45 34 74 109 63 73 57 37","425 433 420 295 353 276 418 462 298 463 449 394 417 516 408 303 444 401 426 376","TTO","10","10","-464","20","60","33","11","36","21","16","33","37","46","37","44","44","40","39","41","41","28","37","38","38","35","84","58","83","31","78","80","89","36","30","72","97","24","45","34","74","109","63","73","57","37","425","433","420","295","353","276","418","462","298","463","449","394","417","516","408","303","444","401","426","376"
"Rowley, Neil","1712","42 26 16 48 49 52 53 47 38 38 38 49 42 48 50 44 39 39 31 36","4 14 91 60 100 66 64 42 28 73 84 22 72 75 96 97 87 57 6 105","347 376 394 316 432 435 375 396 394 435 411 490 384 440 428 394 458 411 420 415","Eng","9","11","-693","18","78","42","26","16","48","49","52","53","47","38","38","38","49","42","48","50","44","39","39","31","36","4","14","91","60","100","66","64","42","28","73","84","22","72","75","96","97","87","57","6","105","347","376","394","316","432","435","375","396","394","435","411","490","384","440","428","394","458","411","420","415"
"Sandu, Dan","1526","20 51 44 47 47 47 39 40 40 42 42 42 31 31 25 25 39 35 43 33","7 28 109 94 22 79 77 88 64 16 92 65 3 108 80 48 86 54 30 15","405 378 385 418 404 398 390 473 374 436 418 440 369 320 254 412 311 360 361 499","ROM","9","11","-351","18","76","20","51","44","47","47","47","39","40","40","42","42","42","31","31","25","25","39","35","43","33","7","28","109","94","22","79","77","88","64","16","92","65","3","108","80","48","86","54","30","15","405","378","385","418","404","398","390","473","374","436","418","440","369","320","254","412","311","360","361","499"
"Sapong, Kwaku","1639","49 53 37 37 38 48 46 40 48 48 48 41 51 51 49 39 35 33 41 41","40 32 84 51 13 95 22 87 34 96 36 54 82 66 75 71 47 1 104 58","352 352 441 305 335 460 466 370 389 399 329 343 403 483 387 495 389 412 432 464","GHA","9","11","-260","18","71","49","53","37","37","38","48","46","40","48","48","48","41","51","51","49","39","35","33","41","41","40","32","84","51","13","95","22","87","34","96","36","54","82","66","75","71","47","1","104","58","352","352","441","305","335","460","466","370","389","399","329","343","403","483","387","495","389","412","432","464"
"Scott, Neil","1953","23 30 30 29 29 37 37 39 23 26 26 16 8 8 14 22 25 28 24 24","17 77 64 43 41 73 85 38 76 80 106 18 13 23 102 84 98 59 58 6","343 442 427 388 374 355 478 410 459 395 509 412 463 373 423 339 401 476 361 445","Sco","10","10","-197","20","55","23","30","30","29","29","37","37","39","23","26","26","16","8","8","14","22","25","28","24","24","17","77","64","43","41","73","85","38","76","80","106","18","13","23","102","84","98","59","58","6","343","442","427","388","374","355","478","410","459","395","509","412","463","373","423","339","401","476","361","445"
"Shin, Austin","1937","26 33 33 26 24 25 25 16 6 6 6 6 7 7 7 9 7 8 3 3","94 19 18 102 32 55 98 29 12 50 26 3 23 56 81 10 49 69 93 28","578 379 366 452 476 443 455 478 449 433 430 547 448 450 461 341 423 372 413 431","Eng","13","7","1116","26","7","26","33","33","26","24","25","25","16","6","6","6","6","7","7","7","9","7","8","3","3","94","19","18","102","32","55","98","29","12","50","26","3","23","56","81","10","49","69","93","28","578","379","366","452","476","443","455","478","449","433","430","547","448","450","461","341","423","372","413","431"
"Siddiqui, Irfan","1746","36 16 16 11 11 11 11 38 30 30 33 33 27 27 19 19 21 21 27 26","26 2 86 7 29 76 74 43 45 37 6 79 9 68 84 101 61 48 38 27","364 624 584 432 357 355 510 385 326 484 577 378 426 428 398 464 327 346 391 455","BHR","11","9","336","22","35","36","16","16","11","11","11","11","38","30","30","33","33","27","27","19","19","21","21","27","26","26","2","86","7","29","76","74","43","45","37","6","79","9","68","84","101","61","48","38","27","364","624","584","432","357","355","510","385","326","484","577","378","426","428","398","464","327","346","391","455"
"Siddiqui, Sumbul","832","15 46 20 51 54 44 54 54 46 50 42 44 53 53 53 47 46 44 53 53","53 4 62 75 39 57 94 95 100 42 87 97 41 99 82 15 71 106 36 72","248 315 290 354 406 353 435 405 476 388 348 326 416 461 383 238 385 431 396 329","Eng","8","12","-1074","16","93","15","46","20","51","54","44","54","54","46","50","42","44","53","53","53","47","46","44","53","53","53","4","62","75","39","57","94","95","100","42","87","97","41","99","82","15","71","106","36","72","248","315","290","354","406","353","435","405","476","388","348","326","416","461","383","238","385","431","396","329"
"Smitheram, Brett","2163","3 1 1 2 1 1 6 3 4 4 8 5 3 3 3 3 3 3 3 5","16 104 53 105 49 12 78 61 103 33 21 52 14 8 32 62 56 55 90 69","577 425 436 482 395 478 376 503 425 430 468 455 358 406 402 529 464 404 380 440","Eng","14","6","1070","28","5","3","1","1","2","1","1","6","3","4","4","8","5","3","3","3","3","3","3","3","5","16","104","53","105","49","12","78","61","103","33","21","52","14","8","32","62","56","55","90","69","577","425","436","482","395","478","376","503","425","430","468","455","358","406","402","529","464","404","380","440"
"Snabel, Viliam","1079","26 48 51 47 50 49 54 49 53 53 45 53 54 54 54 54 54 52 50 47","90 30 95 87 70 100 92 66 82 41 25 44 99 17 36 39 75 16 96 97","297 296 370 331 317 368 337 393 322 322 374 299 323 291 401 250 333 261 439 210","SVK","3","17","-2342","6","108","26","48","51","47","50","49","54","49","53","53","45","53","54","54","54","54","54","52","50","47","90","30","95","87","70","100","92","66","82","41","25","44","99","17","36","39","75","16","96","97","297","296","370","331","317","368","337","393","322","322","374","299","323","291","401","250","333","261","439","210"
"Sorensen, Sharon","1181","19 54 51 35 41 48 34 54 54 52 52 54 52 49 52 53 53 54 54 50","14 51 94 69 11 88 71 92 66 99 44 82 96 57 17 41 36 75 16 100","348 237 424 328 367 289 351 339 369 473 294 396 350 314 357 284 342 378 392 247","AUS","4","16","-1302","8","106","19","54","51","35","41","48","34","54","54","52","52","54","52","49","52","53","53","54","54","50","14","51","94","69","11","88","71","92","66","99","44","82","96","57","17","41","36","75","16","100","348","237","424","328","367","289","351","339","369","473","294","396","350","314","357","284","342","378","392","247"
"Spies, Paul","1164","27 44 28 53 52 46 48 52 50 48 54 50 52 52 50 50 50 50 50 54","48 33 6 66 34 22 75 100 42 88 82 99 95 41 86 16 97 17 94 36","287 313 334 345 339 335 388 405 361 346 304 392 367 363 397 383 325 359 341 305","ZAF","5","15","-1140","10","105","27","44","28","53","52","46","48","52","50","48","54","50","52","52","50","50","50","50","50","54","48","33","6","66","34","22","75","100","42","88","82","99","95","41","86","16","97","17","94","36","287","313","334","345","339","335","388","405","361","346","304","392","367","363","397","383","325","359","341","305"
"Stanton, Donna","1625","28 32 32 31 33 36 36 48 45 45 44 44 34 34 34 44 50 49 47 47","29 61 66 1 109 38 65 82 36 25 85 92 19 59 22 86 96 24 39 94","414 373 441 413 346 391 350 463 508 299 496 596 404 375 351 354 404 364 555 493","Eng","8","12","394","16","83","28","32","32","31","33","36","36","48","45","45","44","44","34","34","34","44","50","49","47","47","29","61","66","1","109","38","65","82","36","25","85","92","19","59","22","86","96","24","39","94","414","373","441","413","346","391","350","463","508","299","496","596","404","375","351","354","404","364","555","493"
"Sulaiman, Mohammad","1755","50 7 11 34 37 27 25 20 17 15 28 29 41 33 33 33 25 25 25 28","31 18 58 71 69 28 90 13 4 23 55 47 64 106 108 74 89 7 46 43","509 437 300 525 509 426 390 384 376 351 321 419 462 484 391 513 439 481 436 477","ARE","11","9","178","22","41","50","7","11","34","37","27","25","20","17","15","28","29","41","33","33","33","25","25","25","28","31","18","58","71","69","28","90","13","4","23","55","47","64","106","108","74","89","7","46","43","509","437","300","525","509","426","390","384","376","351","321","419","462","484","391","513","439","481","436","477"
"Szymanski, Mikolaj","0","12 38 40 49 48 34 43 43 52 52 50 50 54 53 51 51 52 51 52 52","8 55 24 100 60 71 82 84 25 95 42 96 94 92 41 36 17 66 75 34","315 365 290 348 308 360 320 328 408 319 296 361 479 260 316 349 286 370 359 333","POL","4","16","-1514","8","107","12","38","40","49","48","34","43","43","52","52","50","50","54","53","51","51","52","51","52","52","8","55","24","100","60","71","82","84","25","95","42","96","94","92","41","36","17","66","75","34","315","365","290","348","308","360","320","328","408","319","296","361","479","260","316","349","286","370","359","333"
"Tan, Alex","1638","51 21 45 49 49 49 49 52 46 46 47 52 44 44 42 46 44 45 45 50","47 78 74 99 86 94 66 96 92 36 43 41 39 65 11 44 72 71 17 95","379 372 372 345 393 501 321 359 285 390 359 563 391 376 519 361 482 353 425 447","MYS","8","12","68","16","85","51","21","45","49","49","49","49","52","46","46","47","52","44","44","42","46","44","45","45","50","47","78","74","99","86","94","66","96","92","36","43","41","39","65","11","44","72","71","17","95","379","372","372","345","393","501","321","359","285","390","359","563","391","376","519","361","482","353","425","447"
"Wapnick, Joel","2012","16 25 15 14 14 14 14 14 11 9 15 13 9 9 9 19 15 14 14 21","82 63 73 37 30 104 36 6 52 26 47 70 21 51 5 91 13 81 79 22","557 402 578 411 334 423 554 474 351 383 465 505 316 383 503 422 370 476 441 482","CAN","12","8","726","24","20","16","25","15","14","14","14","14","14","11","9","15","13","9","9","9","19","15","14","14","21","82","63","73","37","30","104","36","6","52","26","47","70","21","51","5","91","13","81","79","22","557","402","578","411","334","423","554","474","351","383","465","505","316","383","503","422","370","476","441","482"
"Webb, David","1910","30 10 14 26 26 26 30 12 29 29 21 21 17 16 14 14 8 7 19 19","79 9 44 90 17 59 32 31 37 2 29 46 35 70 89 27 69 49 61 83","501 462 326 413 431 461 426 383 418 511 354 504 464 373 583 438 355 515 459 448","Eng","11","9","728","22","33","30","10","14","26","26","26","30","12","29","29","21","21","17","16","14","14","8","7","19","19","79","9","44","90","17","59","32","31","37","2","29","46","35","70","89","27","69","49","61","83","501","462","326","413","431","461","426","383","418","511","354","504","464","373","583","438","355","515","459","448"
"Wiegand, Dave","2126","4 19 5 6 6 8 10 11 4 3 3 3 1 1 1 2 2 4 1 1","9 79 76 47 26 61 46 53 93 49 83 81 4 32 52 12 62 40 56 14","462 558 405 412 461 364 643 484 465 515 462 479 479 398 475 448 461 472 526 492","USA","16","4","1302","32","1","4","19","5","6","6","8","10","11","4","3","3","3","1","1","1","2","2","4","1","1","9","79","76","47","26","61","46","53","93","49","83","81","4","32","52","12","62","40","56","14","462","558","405","412","461","364","643","484","465","515","462","479","479","398","475","448","461","472","526","492"
"Willingham, Walker","1663","40 1 46 40 40 14 38 45 43 34 41 43 46 46 46 40 45 43 41 40","10 93 36 42 77 101 106 65 72 84 34 17 44 16 59 43 41 30 88 39","381 305 434 418 406 306 276 415 283 459 361 510 535 478 406 416 448 332 353 373","USA","7","13","-244","14","95","40","1","46","40","40","14","38","45","43","34","41","43","46","46","46","40","45","43","41","40","10","93","36","42","77","101","106","65","72","84","34","17","44","16","59","43","41","30","88","39","381","305","434","418","406","306","276","415","283","459","361","510","535","478","406","416","448","332","353","373"
"Withers, Ben","1790","47 5 3 2 2 2 2 2 31 31 29 28 21 32 28 38 36 36 36 36","38 66 33 93 23 7 72 19 6 29 46 55 53 79 37 54 64 68 108 86","552 431 481 344 368 391 489 271 394 453 383 425 348 334 365 437 467 475 383 509","USA","11","9","133","22","42","47","5","3","2","2","2","2","2","31","31","29","28","21","32","28","38","36","36","36","36","38","66","33","93","23","7","72","19","6","29","46","55","53","79","37","54","64","68","108","86","552","431","481","344","368","391","489","271","394","453","383","425","348","334","365","437","467","475","383","509"
"Zolty, Natalie","1622","52 12 9 44 45 45 38 19 21 21 26 20 33 33 39 43 42 44 44 44","28 52 57 82 72 74 104 59 60 19 89 76 48 98 71 64 77 92 65 44","383 397 430 421 407 522 411 530 313 443 367 409 289 399 309 397 385 419 407 378","Eng","6.5","13.5","-625","13","102","52","12","9","44","45","45","38","19","21","21","26","20","33","33","39","43","42","44","44","44","28","52","57","82","72","74","104","59","60","19","89","76","48","98","71","64","77","92","65","44","383","397","430","421","407","522","411","530","313","443","367","409","289","399","309","397","385","419","407","378"
"Tristan, Ze","1904","54 35 35 36 36 28 28 27 36 36 31 31 24 24 24 24 20 20 20 20","109 16 7 65 42 9 27 15 38 22 11 73 74 6 79 108 70 5 19 46","487 386 374 412 601 376 405 371 498 466 474 393 411 353 496 404 305 408 410 421","ZAF","9","11","258","18","66","54","35","35","36","36","28","28","27","36","36","31","31","24","24","24","24","20","20","20","20","109","16","7","65","42","9","27","15","38","22","11","73","74","6","79","108","70","5","19","46","487","386","374","412","601","376","405","371","498","466","474","393","411","353","496","404","305","408","410","421"
"Tan, Jin Chor","1626","10 13 25 20 22 22 23 17 42 43 43 27 30 31 33 24 27 27 36 34","0 80 31 63 50 30 45 58 0 17 15 1 47 87 98 107 25 27 105 71","75 358 483 414 343 460 374 340 75 419 448 307 334 451 412 306 420 409 349 457","MYS","9","11","-400","18","77","10","13","25","20","22","22","23","17","42","43","43","27","30","31","33","24","27","27","36","34","0","80","31","63","50","30","45","58","0","17","15","1","47","87","98","107","25","27","105","71","75","358","483","414","343","460","374","340","75","419","448","307","334","451","412","306","420","409","349","457"
"Le, Cecilia","1640","54 20 44 33 33 42 41 41 27 27 18 23 26 26 27 28 18 18 21 7","107 62 87 45 97 64 44 77 11 70 35 28 42 3 60 85 48 79 25 49","407 371 476 437 382 378 563 454 486 354 441 435 318 530 452 439 462 463 358 376","USA","10","10","559","20","46","54","20","44","33","33","42","41","41","27","27","18","23","26","26","27","28","18","18","21","7","107","62","87","45","97","64","44","77","11","70","35","28","42","3","60","85","48","79","25","49","407","371","476","437","382","378","563","454","486","354","441","435","318","530","452","439","462","463","358","376"
